Index,Artist Name,Lead Streams,Feats,Tracks,One Billion,100 Million,Last Updated
1,Drake,"50,162,292,808","19,246,513,666",262,6,130,190922
2,Bad Bunny,"44,369,032,140","5,391,990,975",163,5,118,200922
3,Ed Sheeran,"38,153,682,361","2,791,278,201",240,10,62,190922
4,The Weeknd,"34,767,779,741","4,288,903,657",186,8,72,190922
5,Taylor Swift,"32,596,728,109","424,053,296",323,1,96,200922
6,Justin Bieber,"32,465,998,885","10,816,202,075",225,6,58,200922
7,Ariana Grande,"32,287,682,040","2,052,297,828",181,8,71,190922
8,Eminem,"30,431,861,291","4,165,031,640",301,5,65,190922
9,Post Malone,"29,832,277,109","2,728,018,288",98,9,57,190922
10,BTS,"28,533,458,128","323,205,288",262,1,98,190922
11,J Balvin,"25,892,190,469","9,950,347,777",242,3,66,190922
12,Kanye West,"25,535,119,184","5,767,153,127",239,1,63,200922
13,Billie Eilish,"23,684,986,780",0,65,4,47,200922
14,Juice WRLD,"23,114,066,243","3,751,941,085",116,3,60,190922
15,Coldplay,"22,214,835,214",0,299,5,34,200922
16,Dua Lipa,"22,186,290,470","349,750,231",198,7,36,190922
17,Imagine Dragons,"21,812,218,476","65,400,698",189,4,41,190922
18,XXXTENTACION,"21,726,799,289","2,664,663,104",144,7,44,180922
19,Ozuna,"21,119,272,574","7,514,655,612",215,1,51,170922
20,Khalid,"20,973,735,166","2,923,419,376",119,7,40,150922
21,Rihanna,"20,761,226,681","6,677,097,087",278,2,46,190922
22,Travis Scott,"20,566,427,073","9,662,107,113",113,4,49,170922
23,Maroon 5,"19,952,566,778","18,447",240,7,31,170922
24,David Guetta,"19,104,897,589","1,131,603,410",705,1,46,190922
25,Shawn Mendes,"18,964,777,185","46,809,153",126,5,34,190922
26,Bruno Mars,"18,201,285,113","3,874,562,483",81,5,32,60922
27,Daddy Yankee,"18,075,604,863","5,656,394,885",360,4,44,160922
28,Calvin Harris,"17,820,311,936","419,338,360",238,3,29,30922
29,Kendrick Lamar,"17,650,726,013","8,647,763,108",121,2,41,190922
30,Sam Smith,"16,883,863,013","277,349,953",145,4,31,190922
31,Queen,"16,557,204,478","35,125,587",557,4,24,200922
32,Beyoncé,"15,593,114,022","1,949,901,038",366,1,36,19.09.22
33,Adele,"15,561,219,687","74,107,163",71,5,28,190922
34,Future,"15,552,849,123","9,255,946,718",504,1,29,170922
35,One Direction,"15,499,795,436",0,124,0,45,190922
36,The Chainsmokers,"15,484,677,966","400,919,869",197,4,27,130922
37,Chris Brown,"15,440,015,429","7,787,759,348",427,0,38,190922
38,Lady Gaga,"14,897,662,581","94,739,265",314,1,27,190922
39,J. Cole,"14,849,857,590","3,309,086,106",137,1,39,200922
40,Nicki Minaj,"14,744,100,678","10,558,501,637",171,2,35,190922
41,Anuel AA,"14,364,736,608","4,592,555,695",160,1,35,190922
42,Halsey,"14,151,726,087","2,459,831,429",180,3,24,120922
43,The Beatles,"14,001,404,418",0,792,0,39,190922
44,Selena Gomez,"13,905,383,000","2,075,330,489",140,3,24,190922
45,Sia,"13,601,270,394","3,054,317,056",323,2,26,190922
46,Maluma,"13,551,469,480","7,414,576,492",195,0,34,180822
47,Harry Styles,"13,347,420,670",0,39,4,35,200922
48,Marshmello,"13,049,327,287","641,714,533",163,4,19,150922
49,Lil Uzi Vert,"12,985,704,210","8,235,141,311",140,1,33,190922
50,Linkin Park,"12,970,759,855","47,851,519",350,2,30,180922
51,Twenty One Pilots,"12,949,146,668",0,90,3,36,180922
52,Rauw Alejandro,"12,914,088,970","1,924,490,635",182,0,34,180922
53,Katy Perry,"12,631,477,879","1,217,714,183",180,0,30,190922
54,Kygo,"12,519,097,847","1,133,263,396",107,1,30,90922
55,Avicii,"12,484,875,427","456,987,347",248,3,18,200922
56,Lana Del Rey,"12,457,976,768","801,314,209",166,0,37,190922
57,Farruko,"11,983,825,654","6,531,990,862",343,1,31,310722
58,Doja Cat,"11,973,361,879","1,669,029,614",85,3,25,190922
59,Camila Cabello,"11,822,254,851","2,188,298,508",61,2,24,190922
60,Jason Derulo,"11,262,694,386","742,144,326",197,0,28,80922
61,Arctic Monkeys,"11,249,748,739",0,134,1,24,190922
62,KAROL G,"11,177,377,040","553,732,559",85,2,29,200922
63,Red Hot Chili Peppers,"11,005,993,478",0,266,0,17,180922
64,Shakira,"10,782,631,210","1,255,591,184",232,1,25,190922
65,Demi Lovato,"10,668,611,459","1,425,100,886",251,1,23,190922
66,Miley Cyrus,"9,940,559,934","931,030,339",197,1,17,180922
67,OneRepublic,"9,926,540,057","219,314,451",167,1,27,280822
68,Nicky Jam,"9,861,155,500","9,052,517,716",220,0,27,310722
69,Michael Jackson,"9,754,680,636","547,196,557",327,1,21,190922
70,Lil Baby,"9,670,090,585","8,736,714,891",181,1,21,190922
71,Myke Towers,"9,667,486,409","4,145,835,762",168,0,28,200922
72,Charlie Puth,"9,570,632,839","231,391,689",109,3,14,200922
73,Pitbull,"9,426,002,918","3,062,823,873",394,1,21,100922
74,Martin Garrix,"9,390,213,325","87,715,051",199,2,19,170922
75,Sebastian Yatra,"9,365,402,828","850,201,743",126,0,30,190922
76,DaBaby,"9,326,324,913","4,757,336,377",157,2,18,180922
77,21 Savage,"9,289,820,129","6,019,152,179",162,0,24,190922
78,Mac Miller,"9,187,372,325","699,621,455",221,0,21,130922
79,Panic! At The Disco,"9,107,446,450","669,606,481",146,1,20,60922
80,Pop Smoke,"9,097,323,859","930,302,921",99,0,19,60922
81,Cardi B,"9,066,363,643","6,163,998,179",70,2,18,170922
82,Sech,"9,011,436,885","2,900,320,709",123,0,25,310722
83,Lil Wayne,"8,970,128,688","14,160,244,567",476,0,19,170922
84,Young Thug,"8,956,248,071","9,576,540,270",366,0,20,170922
85,Olivia Rodrigo,"8,954,631,138","1,691,988",37,2,13,190922
86,Metallica,"8,890,283,866","7,116,668",814,0,16,190922
87,G-Eazy,"8,847,885,490","2,309,356,739",224,1,17,250822
88,Ellie Goulding,"8,826,849,897","639,400,676",167,1,16,60922
89,Lil Nas X,"8,778,149,366",0,34,3,11,160922
90,Major Lazer,"8,758,754,488","614,069,138",269,3,14,50922
91,Alan Walker,"8,727,932,813","1,852,490,942",170,1,18,10922
92,Wiz Khalifa,"8,695,422,254","7,040,015,281",461,1,19,180922
93,Lil Peep,"8,691,721,490","335,277,695",104,0,23,180922
94,Diplo,"8,496,096,848","1,757,002,014",397,0,24,130922
95,Fall Out Boy,"8,451,431,705","38,756,715",199,0,18,130922
96,Elton John,"8,437,442,330","318,323,546",936,1,17,190922
97,AC/DC,"8,283,420,177",0,313,3,10,190922
98,P!nk,"8,243,802,966","663,799,734",227,0,23,180922
99,John Mayer,"8,243,443,329","514,893,335",208,0,20,160922
100,Logic,"8,221,159,539","1,940,369,157",193,1,14,110922
101,Migos,"8,212,730,428","3,413,743,336",283,0,18,200922
102,Trippie Redd,"8,169,854,684","3,237,110,398",197,0,24,150922
103,Gunna,"8,136,453,038","4,669,227,285",178,2,15,140922
104,Tyga,"8,136,081,475","4,144,077,151",303,1,20,310722
105,James Arthur,"8,094,663,482","77,343,574",147,1,14,180922
106,Little Mix,"8,025,705,397","12,393,008",205,0,21,200922
107,Macklemore,"7,934,784,607","83,073,903",103,1,13,200922
108,ZAYN,"7,926,581,878","238,814,490",85,3,16,180922
109,DJ Snake,"7,893,987,604","1,942,695,289",142,2,11,310722
110,Lauv,"7,860,150,086","147,385,883",108,1,21,120822
111,Kodak Black,"7,853,951,418","1,969,874,771",243,0,16,190922
112,"Tyler, The Creator","7,852,572,852","1,592,057,360",154,0,21,180922
113,Frank Ocean,"7,842,180,179","2,342,080,949",45,0,23,190922
114,A$AP Rocky,"7,788,610,912","5,156,511,594",99,0,19,200922
115,YoungBoy Never Broke Again,"7,762,762,379","1,355,024,452",416,0,8,190922
116,NF,"7,715,473,739","135,847,234",81,1,18,120922
117,Tiësto,"7,713,821,346","760,009,949",653,0,16,210822
118,5 Seconds of Summer,"7,672,003,639","523,602,841",165,1,14,190922
119,A Boogie Wit da Hoodie,"7,634,446,872","3,249,718,029",138,0,17,140922
120,Zedd,"7,585,730,125","1,008,114,646",139,3,14,210822
121,Romeo Santos,"7,485,543,396","1,125,011,362",146,0,21,160922
122,Robin Schulz,"7,470,013,873","315,457,501",224,1,15,40922
123,Green Day,"7,403,734,026","536,841",374,0,13,160922
124,$uicideboy$,"7,392,060,042","255,581,637",313,0,13,180922
125,Nirvana,"7,295,132,559","1,137,194",347,1,14,190922
126,SZA,"7,269,204,057","2,147,963,882",49,2,18,190922
127,Luis Miguel,"7,267,478,981","2,583,720",312,0,17,160922
128,DJ Khaled,"7,262,608,327","195,727,208",186,1,14,20922
129,Metro Boomin,"7,262,115,562","209,872,990",118,1,18,310722
130,Justin Timberlake,"7,225,331,308","2,167,168,755",172,1,13,180922
131,Bob Marley & The Wailers,"7,206,364,367","56,737,031",618,0,13,290822
132,BLACKPINK,"7,206,360,244","526,346,942",103,0,22,190922
133,Machine Gun Kelly,"7,175,506,952","1,017,993,010",141,0,14,150922
134,blackbear,"7,107,987,469","1,743,247,445",162,1,14,220822
135,Black Eyed Peas,"7,055,175,439","88,656,205",213,0,13,180922
136,Anne-Marie,"6,995,284,822","797,700,433",136,3,12,190922
137,Lewis Capaldi,"6,958,006,277","1,385",48,2,10,310822
138,Clean Bandit,"6,956,364,284","24,677,721",176,3,10,310722
139,JAY-Z,"6,923,840,435","5,959,218,358",306,0,13,170922
140,Marília Mendonça,"6,909,001,088","1,549,217,519",122,0,23,200922
141,Zara Larsson,"6,878,581,725","510,565,925",85,2,13,130922
142,Bebe Rexha,"6,836,453,644","3,954,204,862",113,2,14,130922
143,Anitta,"6,801,733,116","1,407,362,033",175,0,20,20922
144,Enrique Iglesias,"6,764,228,183","340,675,073",282,0,13,180922
145,Fleetwood Mac,"6,753,161,276","563,244",768,1,11,130922
146,The Rolling Stones,"6,727,427,341","6,784,031","1,073",0,14,170922
147,The Neighbourhood,"6,718,687,991","1,183,878",90,1,12,120822
148,Pink Floyd,"6,714,780,376",0,436,0,13,160922
149,Britney Spears,"6,671,486,096","689,481,019",292,0,19,190922
150,Michael Bublé,"6,667,559,320","313,876,033",239,0,18,120922
151,The Kid LAROI,"6,647,734,218","847,871,845",49,1,16,160922
152,Guns N' Roses,"6,615,411,211","55,151",139,1,10,190922
153,Flo Rida,"6,555,092,666","1,786,418,102",229,0,11,310722
154,Camilo,"6,519,784,854","887,878,975",49,0,20,130922
155,Ty Dolla $ign,"6,503,653,017","10,647,843,904",191,0,14,30922
156,Kid Cudi,"6,488,863,340","1,505,742,485",160,0,12,80922
157,Disney,"6,480,840,953","819,435,187",529,0,14,310722
158,Becky G,"6,434,404,802","1,302,187,576",110,0,16,190922
159,Jonas Blue,"6,422,049,491","111,388,929",165,0,9,310722
160,Russ,"6,409,448,257","120,435,639",368,0,14,310822
161,Luis Fonsi,"6,388,525,172","444,209,070",187,2,10,110822
162,2Pac,"6,328,173,362","345,066,838",316,0,16,60922
163,Reik,"6,327,803,667","330,177,113",172,0,16,310722
164,50 Cent,"6,248,846,278","2,758,573,236",185,0,14,160922
165,Childish Gambino,"6,247,735,359","604,415,192",86,1,13,180822
166,Gorillaz,"6,243,417,623","1,329,013",283,0,11,170922
167,Ava Max,"6,182,963,810","222,536,835",105,1,15,190922
168,Jhay Cortez,"6,170,553,828","1,249,018,420",82,1,11,200822
169,Bastille,"6,158,728,878","156,539,720",205,2,10,90922
170,Joji,"6,150,774,573","723,433,712",52,0,17,190922
171,Polo G,"6,136,158,071","2,095,079,434",75,0,14,310722
172,Lorde,"6,006,934,967","286,523,906",57,0,19,190922
173,Usher,"5,981,518,153","3,241,074,771",257,0,15,150922
174,Hozier,"5,967,126,876",0,69,1,14,180922
175,David Bowie,"5,960,976,370","35,086,750","1,315",1,12,130922
176,Banda MS de Sergio Lizárraga,"5,924,856,095","5,520,822",216,0,19,310722
177,Luke Combs,"5,890,199,848","150,384,172",68,0,15,210822
178,Mariah Carey,"5,888,465,193","401,002,898",660,1,12,200922
179,Skrillex,"5,881,756,686","1,640,865,351",149,0,14,310722
180,Christian Nodal,"5,835,820,936","409,256,344",69,0,18,200822
181,Big Sean,"5,791,066,758","6,189,567,932",153,0,13,40922
182,The Killers,"5,774,550,053","359,729",213,1,11,180922
183,Alessia Cara,"5,768,256,100","2,748,095,478",138,2,8,40922
184,Foo Fighters,"5,761,240,710",0,237,0,12,150922
185,Playboi Carti,"5,756,121,719","1,679,604,284",82,0,14,170922
186,French Montana,"5,687,956,941","3,407,044,954",672,1,11,50822
187,Tory Lanez,"5,657,531,451","2,622,981,646",256,0,12,80922
188,U2,"5,622,227,589","303,372,985",522,0,8,180922
189,Manuel Turizo,"5,610,907,877","2,311,637,889",66,0,17,260822
190,Meek Mill,"5,609,538,227","1,900,550,120",440,0,9,120922
191,Jack Harlow,"5,606,152,807","315,806,334",96,1,10,120922
192,blink-182,"5,568,505,079","66,190,562",185,0,10,140922
193,Led Zeppelin,"5,554,421,214","118,988",241,0,13,180922
194,Daft Punk,"5,551,691,330","3,320,364,189",190,0,12,240822
195,Radiohead,"5,531,324,257","2,206,126",233,0,8,180922
196,Jorge & Mateus,"5,486,263,204","1,108,375,019",280,0,11,120922
197,Henrique & Juliano,"5,466,963,460","812,748,773",177,0,14,120922
198,Roddy Ricch,"5,446,354,074","3,489,978,704",61,1,15,200922
199,Elvis Presley,"5,442,877,510","5,634,626","1,855",0,11,30922
200,Meghan Trainor,"5,418,874,209","1,025,879,971",141,0,11,180922
201,Paulo Londra,"5,408,739,140","119,832,137",37,0,16,160922
202,Labrinth,"5,408,385,063","396,587,742",149,0,14,310722
203,John Legend,"5,384,405,995","2,403,169,234",249,1,8,310722
204,Frank Sinatra,"5,382,091,415","77,042,747","2,171",0,13,140822
205,Don Omar,"5,374,011,725","1,957,856,299",237,0,13,80922
206,Morgan Wallen,"5,345,429,164","521,301,528",60,0,17,130922
207,System Of A Down,"5,306,747,245","997,641",83,0,10,180822
208,Megan Thee Stallion,"5,274,621,614","1,656,164,329",131,1,12,190922
209,Rita Ora,"5,257,167,753","709,421,106",133,0,14,190922
210,The 1975,"5,232,430,866","156,055,221",136,0,13,130922
211,Rae Sremmurd,"5,226,974,030","544,047,899",62,0,13,80922
212,Tame Impala,"5,214,042,684","174,098,397",101,1,11,200922
213,Melanie Martinez,"5,194,199,440","5,232,238",58,0,17,190922
214,TWICE,"5,181,586,735","39,496,270",220,0,13,170922
215,Muse,"5,181,150,140","6,402,079",253,0,11,100922
216,Gucci Mane,"5,179,422,858","4,905,865,217","2,117",0,5,170822
217,Jack Johnson,"5,176,854,131","39,660,958",190,0,9,70922
218,The Notorious B.I.G.,"5,171,977,853","699,574,957",185,0,12,310722
219,Troye Sivan,"5,103,726,645","873,635,526",105,0,12,190922
220,Bon Jovi,"5,101,338,141","1,335,247",329,1,9,170922
221,Paramore,"5,095,348,178",0,114,0,11,140922
222,Mumford & Sons,"5,088,124,853","18,747,880",121,0,12,150922
223,ABBA,"5,004,152,913","146,654",160,0,14,10922
224,6ix9ine,"4,988,907,666","1,117,326,282",57,0,16,140922
225,Slipknot,"4,980,473,881",0,208,0,10,110822
226,Bazzi,"4,941,186,159","62,540,256",39,0,12,310722
227,Gusttavo Lima,"4,938,141,476","876,355,276",287,0,9,260822
228,Oasis,"4,924,851,582","1,134",237,1,7,190922
229,Morat,"4,919,640,815","436,178,161",74,0,15,310822
230,Sean Paul,"4,910,936,441","3,853,999,824",400,0,10,310722
231,Felix Jaehn,"4,901,374,743","194,535,961",172,1,12,310722
232,The Lumineers,"4,894,719,810",0,86,0,8,290822
233,Justin Quiles,"4,878,976,278","4,310,489,285",163,0,14,310722
234,Dalex,"4,871,872,181","1,036,388,958",129,0,15,30922
235,Duki,"4,869,537,547","937,757,024",147,0,13,120922
236,Swae Lee,"4,836,929,180","5,692,666,319",59,1,10,310722
237,Hailee Steinfeld,"4,815,845,560","606,712,238",31,1,10,190922
238,Julia Michaels,"4,811,539,257","1,690,872,391",65,1,7,160922
239,Rammstein,"4,781,710,534","3,762,124",245,0,10,270822
240,Alicia Keys,"4,777,678,003","1,427,914,798",253,0,8,170922
241,Alok,"4,738,018,362","231,488,539",212,0,12,290822
242,Madonna,"4,718,747,892","138,810,390",762,0,7,200922
243,Jess Glynne,"4,712,325,038","543,326,342",82,1,10,180922
244,Zion & Lennox,"4,710,887,632","2,887,125,495",159,0,11,310722
245,Disclosure,"4,690,114,197","24,281,620",186,0,7,310722
246,Christina Aguilera,"4,686,000,540","1,808,585,763",281,0,9,190822
247,Kings of Leon,"4,669,462,543",0,121,0,8,180922
248,6LACK,"4,650,333,571","952,817,602",79,0,10,30922
249,Cheat Codes,"4,629,305,378","313,902,252",151,0,7,310722
250,Tove Lo,"4,629,278,952","1,360,259,448",144,0,7,90922
251,Creedence Clearwater Revival,"4,623,595,600",0,145,0,11,230822
252,Florence + The Machine,"4,614,759,836","378,905",160,0,9,180922
253,Florida Georgia Line,"4,609,041,041","2,478,742,591",124,0,15,210822
254,My Chemical Romance,"4,607,083,284",0,139,0,11,140922
255,Alesso,"4,597,495,128","137,641,031",129,0,10,130822
256,Arijit Singh,"4,573,567,798","939,497,796",572,0,4,10922
257,Glass Animals,"4,554,159,224","4,423,329",109,1,6,150922
258,The Script,"4,553,052,747","1,343,266",99,1,8,120922
259,Zé Neto & Cristiano,"4,540,609,590","463,313,203",169,0,13,120922
260,Whitney Houston,"4,519,561,495","14,222,939",282,0,9,190922
261,Chance the Rapper,"4,517,223,691","3,118,921,754",105,0,12,50922
262,Piso 21,"4,511,325,667","62,804,762",86,0,12,310722
263,Five Finger Death Punch,"4,506,617,068",0,138,0,9,310722
264,Bruce Springsteen,"4,480,464,759","47,313,864",821,0,10,110922
265,Arcangel,"4,475,257,907","5,081,836,495",244,0,11,110822
266,Nickelback,"4,469,299,972",0,150,0,12,60922
267,Fifth Harmony,"4,468,944,634","184,240,949",75,1,7,190922
268,Lenny Tavárez,"4,449,161,492","3,924,285,642",94,0,10,310722
269,Jason Mraz,"4,439,148,339","98,804,484",238,1,6,310722
270,Galantis,"4,427,621,050","102,139,066",243,0,8,310722
271,Avril Lavigne,"4,418,987,832","25,567,335",154,0,10,100922
272,Glee Cast,"4,375,931,294",0,723,0,0,230822
273,Bring Me The Horizon,"4,372,894,185","85,729,842",141,0,11,190922
274,Ne-Yo,"4,368,629,006","2,245,144,528",204,0,10,310722
275,Lil Durk,"4,367,616,218","3,009,354,038",359,0,6,170922
276,Kane Brown,"4,364,488,364","29,797,048",98,0,10,310722
277,Kehlani,"4,361,626,721","2,028,969,469",124,0,10,90822
278,Kevin Gates,"4,359,021,971","739,286,985",314,0,6,70822
279,Niall Horan,"4,338,726,666","517,135,427",69,0,11,190922
280,Bryson Tiller,"4,330,601,767","1,295,854,047",70,0,8,50922
281,Jonas Brothers,"4,329,888,033","498,204,068",95,1,9,70822
282,Bizarrap,"4,326,642,648","503,968,381",87,0,12,140922
283,Capital Bra,"4,317,253,980","673,800,705",276,0,9,70822
284,Lil Tjay,"4,313,086,274","1,884,183,028",65,0,11,310722
285,Snoop Dogg,"4,300,203,668","6,192,858,304",726,1,7,250822
286,Macklemore & Ryan Lewis,"4,290,529,937","4,265,483",48,1,6,40922
287,Lil Tecca,"4,273,063,329","302,858,918",79,1,11,120922
288,Luke Bryan,"4,267,128,439","540,870,550",149,0,14,10822
289,Natti Natasha,"4,253,199,571","2,141,323,366",93,0,9,170922
290,Wisin,"4,226,257,427","5,360,562,962",131,0,10,180822
291,Aerosmith,"4,219,398,737",0,318,0,9,170922
292,Vance Joy,"4,216,274,820",0,87,1,9,10822
293,Kelly Clarkson,"4,206,190,955","231,077,825",329,0,8,200922
294,Alejandro Fernández,"4,201,269,620","352,247,735",313,0,11,310722
295,Stevie Wonder,"4,196,723,912","301,358,086",657,0,11,110922
296,Jennifer Lopez,"4,186,796,728","1,097,279,258",240,0,13,180922
297,Johnny Cash,"4,174,390,143","163,740,766","1,679",0,7,190822
298,Maná,"4,119,964,379","63,757,921",220,0,12,180822
299,Thomas Rhett,"4,112,832,625","247,574,441",120,0,15,90822
300,Ryan Lewis,"4,110,355,782","43,371,022",33,1,6,310722
301,Hans Zimmer,"4,092,359,874","119,832,137","1,545",0,3,310722
302,NAV,"4,088,499,280","396,587,742",117,0,10,80922
303,Lil Pump,"4,054,627,650","2,403,169,234",74,0,10,310722
304,Pearl Jam,"4,052,231,789","77,042,747","2,127",0,9,310722
305,James Bay,"4,051,355,922","1,957,856,299",90,0,9,120822
306,Disturbed,"4,034,857,022","521,301,528",173,0,6,310722
307,YG,"4,034,206,176","997,641",198,0,8,310722
308,Amy Winehouse,"4,024,161,318","1,656,164,329",157,0,7,170922
309,Wisin & Yandel,"4,004,531,845","709,421,106",293,0,12,310722
310,YNW Melly,"3,991,996,348","156,055,221",83,0,9,310722
311,Lil Skies,"3,968,361,888","544,047,899",75,0,9,220822
312,Nio Garcia,"3,960,430,779","174,098,397",124,0,7,310722
313,Tones And I,"3,957,800,698","5,232,238",33,1,5,170922
314,Kesha,"3,955,337,905","39,496,270",139,0,10,150922
315,Backstreet Boys,"3,949,466,238","6,402,079",145,1,8,180922
316,Aventura,"3,943,857,084","4,905,865,217",123,0,12,10922
317,Flume,"3,942,056,858","39,660,958",145,0,9,310722
318,Dr. Dre,"3,941,098,327","699,574,957",75,0,8,190922
319,Miguel,"3,933,509,386","873,635,526",145,0,8,310722
320,Jul,"3,931,452,487","1,335,247",572,0,0,180922
321,Lizzo,"3,911,061,177",0,79,0,8,120922
322,Billy Joel,"3,885,486,622","18,747,880",383,0,10,160822
323,ROSALÍA,"3,871,106,303","146,654",61,0,8,200922
324,Calibre 50,"3,859,723,768","1,117,326,282",226,0,10,250822
325,Phil Collins,"3,836,785,174",0,339,0,9,140822
326,Matheus & Kauan,"3,831,562,276","62,540,256",179,0,12,120922
327,Akon,"3,813,017,846","876,355,276",207,0,9,310722
328,Jason Aldean,"3,797,816,243","1,134",166,0,8,310722
329,Eagles,"3,784,792,723","436,178,161",189,1,8,230822
330,George Ezra,"3,745,977,355","3,853,999,824",76,0,7,70922
331,Yandel,"3,731,724,067","194,535,961",175,0,9,310722
332,Prince Royce,"3,724,376,964",0,127,0,10,310722
333,The Offspring,"3,713,219,015","4,310,489,285",159,0,7,130822
334,24kGoldn,"3,705,648,954","1,036,388,958",62,1,7,310722
335,Three Days Grace,"3,698,665,397","937,757,024",96,0,8,310722
336,Wesley Safadão,"3,698,314,476","5,692,666,319",283,0,6,310722
337,Anderson .Paak,"3,694,145,511","606,712,238",152,0,5,310722
338,The Strokes,"3,688,560,624","1,690,872,391",82,0,6,70822
339,Don Toliver,"3,686,151,351","3,762,124",66,1,5,50922
340,Conan Gray,"3,684,167,999","1,427,914,798",35,0,10,150922
341,Dan + Shay,"3,680,653,230","231,488,539",73,0,9,30822
342,Rex Orange County,"3,678,846,424","138,810,390",58,0,8,110922
343,Jeremih,"3,674,742,679","543,326,342",140,0,8,240822
344,benny blanco,"3,661,450,439","2,887,125,495",23,1,7,40922
345,Cartel De Santa,"3,655,552,123","24,281,620",136,0,10,100922
346,Avenged Sevenfold,"3,634,693,374","1,808,585,763",163,0,9,310722
347,Ricardo Arjona,"3,629,270,035",0,341,0,3,310722
348,Céline Dion,"3,626,954,646","952,817,602",492,0,9,200922
349,Ninho,"3,614,658,124","313,902,252",146,0,4,310722
350,Måneskin,"3,603,994,073","1,360,259,448",33,1,7,190922
351,Alejandro Sanz,"3,592,290,895",0,380,0,6,310722
352,Lin-Manuel Miranda,"3,592,135,787","378,905",95,0,14,310722
353,Ricky Martin,"3,568,196,300","2,478,742,591",278,0,8,150922
354,Jessie J,"3,563,453,628",0,117,1,7,130922
355,Lost Frequencies,"3,556,401,142","137,641,031",421,0,10,310722
356,Danny Ocean,"3,541,587,214","939,497,796",61,1,8,100922
357,Maiara & Maraisa,"3,531,976,169","4,423,329",156,0,12,100822
358,Steve Aoki,"3,527,393,369","1,343,266",437,0,6,310722
359,Lil Mosey,"3,517,585,999","463,313,203",50,1,5,310722
360,Marc Anthony,"3,504,819,748","14,222,939",197,0,8,80922
361,H.E.R.,"3,476,314,834","3,118,921,754",102,0,8,310722
362,Nelly,"3,464,996,085","62,804,762",211,0,9,150922
363,Charli XCX,"3,464,311,470",0,219,0,8,170922
364,Pablo Alborán,"3,437,809,914","47,313,864",173,0,8,160922
365,2 Chainz,"3,429,709,034","5,081,836,495",409,0,7,310722
366,Train,"3,423,789,545",0,185,1,8,310722
367,Passenger,"3,415,074,486","184,240,949",233,1,2,310722
368,Lukas Graham,"3,410,790,500","3,924,285,642",66,1,4,310722
369,Mark Ronson,"3,400,585,305","98,804,484",151,1,4,310722
370,CNCO,"3,399,584,158","102,139,066",89,0,7,190922
371,Foster The People,"3,393,389,914","25,567,335",96,1,7,310722
372,Calum Scott,"3,392,200,109",0,84,0,6,310722
373,Dire Straits,"3,390,427,781","85,729,842",107,0,5,190922
374,Alec Benjamin,"3,389,530,976","2,245,144,528",46,1,8,260822
375,Daniel Caesar,"3,387,218,135","3,009,354,038",37,0,8,310722
376,Bee Gees,"3,383,127,730","29,797,048",470,0,6,270822
377,Tate McRae,"3,371,616,079","2,028,969,469",53,0,8,100922
378,Bryan Adams,"3,365,887,458","739,286,985",394,0,8,100922
379,Summer Walker,"3,363,193,393","517,135,427",91,0,9,110922
380,Trey Songz,"3,357,005,694","1,295,854,047",268,0,7,160922
381,Bob Dylan,"3,352,960,099","498,204,068","1,308",0,6,130922
382,Grupo Firme,"3,348,434,531","503,968,381",205,0,8,310722
383,Armin van Buuren,"3,340,463,682","673,800,705","2,051",0,4,210822
384,Rels B,"3,327,775,726","1,884,183,028",107,0,5,310722
385,Boyce Avenue,"3,287,510,482","6,192,858,304",450,0,3,200922
386,Pentatonix,"3,285,741,959","4,265,483",201,0,2,120922
387,Ski Mask The Slump God,"3,276,018,075","302,858,918",73,0,7,190922
388,R3HAB,"3,274,814,964","540,870,550",336,0,4,310722
389,LANY,"3,270,335,409","2,141,323,366",86,0,8,170822
390,Tainy,"3,255,357,184","5,360,562,962",44,1,5,60922
391,PARTYNEXTDOOR,"3,243,038,851",0,80,0,9,310722
392,La Arrolladora Banda El Limón De Rene Camacho,"3,236,920,653",0,332,0,5,210822
393,James Blunt,"3,226,977,012","231,077,825",172,0,6,310722
394,The Police,"3,222,974,290","352,247,735",122,1,7,160922
395,Cage The Elephant,"3,219,794,411","301,358,086",109,0,6,140822
396,Fetty Wap,"3,217,362,515","1,097,279,258",138,0,7,60822
397,Jeremy Zucker,"3,215,507,829","163,740,766",96,0,8,310722
398,Dean Lewis,"3,212,555,492","63,757,921",48,1,6,310722
399,John Williams,"3,211,135,011","247,574,441","2,41",0,2,310722
400,Bibi Blocksberg,"3,207,503,226","43,371,022","5,203",0,0,80722
401,Outkast,"3,196,044,035","119,832,137",222,0,6,310722
402,Becky Hill,"3,194,644,880","396,587,742",195,0,10,160922
403,Sam Hunt,"3,189,888,914","2,403,169,234",61,0,8,310722
404,Sigala,"3,182,931,037","77,042,747",118,0,9,310722
405,Carlos Vives,"3,181,877,775","1,957,856,299",276,0,6,310722
406,Jhené Aiko,"3,178,645,401","521,301,528",114,0,7,190922
407,Rudimental,"3,160,482,589","997,641",208,0,6,310722
408,ScHoolboy Q,"3,147,481,533","1,656,164,329",89,0,8,310722
409,Marvin Gaye,"3,143,836,699","709,421,106",750,0,7,310722
410,Offset,"3,141,568,579","156,055,221",53,1,7,150922
411,Stray Kids,"3,120,244,998","544,047,899",169,0,5,190922
412,Sam Feldt,"3,107,699,941","174,098,397",173,0,6,310722
413,Iron Maiden,"3,103,589,124","5,232,238",426,0,7,190922
414,Zac Brown Band,"3,100,596,570","39,496,270",141,0,7,310722
415,Jax Jones,"3,080,700,501","6,402,079",89,0,12,310722
416,ILLENIUM,"3,076,454,009","4,905,865,217",218,0,4,310722
417,Joan Sebastian,"3,063,649,523","39,660,958",506,0,8,310722
418,Hillsong Worship,"3,062,386,056","699,574,957",847,0,4,310722
419,Kali Uchis,"3,055,543,671","873,635,526",67,0,4,200922
420,Skillet,"3,050,996,601","1,335,247",195,0,7,10922
421,Juanes,"3,046,714,537",0,201,0,8,310722
422,Blake Shelton,"3,044,373,576","18,747,880",203,0,9,70922
423,alt-J,"3,025,145,409","146,654",145,0,8,310722
424,Chris Stapleton,"3,024,791,697","1,117,326,282",60,0,9,10822
425,Lil Yachty,"3,023,049,234",0,190,0,6,310722
426,Quavo,"3,022,133,428","62,540,256",85,0,8,140922
427,Los Ángeles Azules,"3,020,957,267","876,355,276",303,0,6,150822
428,NLE Choppa,"3,018,674,271","1,134",125,0,5,250822
429,Feid,"3,009,497,561","436,178,161",146,0,5,160922
430,Journey,"3,008,391,718","3,853,999,824",278,1,5,170922
431,The Vamps,"3,006,139,960","194,535,961",148,0,8,310722
432,BROCKHAMPTON,"3,002,168,774",0,113,0,5,310722
433,Soda Stereo,"3,000,230,369","4,310,489,285",198,0,5,180922
434,The Black Keys,"2,995,726,401","1,036,388,958",199,0,5,30922
435,Liam Payne,"2,990,601,102","937,757,024",51,0,8,190922
436,Mike Posner,"2,987,016,135","5,692,666,319",183,1,4,260822
437,Weezer,"2,970,962,554","606,712,238",271,0,4,240822
438,Korn,"2,968,839,699","1,690,872,391",293,0,5,50922
439,El Alfa,"2,966,087,446","3,762,124",193,0,9,160922
440,Tim McGraw,"2,964,965,833","1,427,914,798",318,0,7,110822
441,Madison Beer,"2,958,196,752","231,488,539",54,0,11,190922
442,Imanbek,"2,957,190,912","138,810,390",65,1,5,80922
443,Rise Against,"2,955,084,542","543,326,342",185,0,5,40922
444,The Doors,"2,953,574,273","2,887,125,495",724,0,7,110922
445,Maren Morris,"2,940,819,852","24,281,620",68,1,6,310722
446,Mau y Ricky,"2,936,936,952","1,808,585,763",66,0,6,310722
447,Bon Iver,"2,928,247,210",0,50,0,7,310722
448,RAF Camora,"2,926,653,996","952,817,602",369,0,5,310722
449,Lunay,"2,925,162,457","313,902,252",59,0,9,180822
450,Maria Becerra,"2,921,291,638","1,360,259,448",43,0,6,200922
451,Carly Rae Jepsen,"2,921,086,654",0,141,0,5,190922
452,Why Don't We,"2,917,638,636","378,905",99,0,8,190822
453,Vicente Fernández,"2,910,574,978","2,478,742,591",865,0,4,310722
454,A$AP Ferg,"2,903,470,782",0,96,0,6,110922
455,Juan Gabriel,"2,901,846,633","137,641,031",482,0,5,310722
456,JP Cooper,"2,895,291,874","939,497,796",144,0,4,310722
457,PNL,"2,889,660,746","4,423,329",72,0,5,150922
458,The Cure,"2,882,831,026","1,343,266",545,0,6,140822
459,Mabel,"2,874,150,906","463,313,203",145,0,7,300822
460,Birdy,"2,864,553,572","14,222,939",111,0,8,150922
461,Papa Roach,"2,861,296,786","3,118,921,754",236,0,4,310722
462,MARINA,"2,860,314,714","62,804,762",121,0,7,190922
463,Jesse & Joy,"2,856,285,668",0,124,0,11,200922
464,T.I.,"2,848,098,002","47,313,864",440,0,6,190922
465,SAINt JHN,"2,841,651,735","5,081,836,495",55,1,3,310722
466,Bradley Cooper,"2,832,555,130",0,12,1,4,180922
467,Bonez MC,"2,815,182,209","184,240,949",166,0,5,310722
468,Noah Cyrus,"2,813,340,209","3,924,285,642",74,0,6,190922
469,C. Tangana,"2,808,496,289","98,804,484",81,0,9,180922
470,MEDUZA,"2,806,488,850","102,139,066",55,0,5,310722
471,Ludovico Einaudi,"2,791,367,383","25,567,335",565,0,5,310722
472,Depeche Mode,"2,784,128,682",0,709,0,3,80922
473,Destiny's Child,"2,775,187,867","85,729,842",183,0,8,170922
474,Kenny Chesney,"2,772,827,226","2,245,144,528",277,0,3,100822
475,Paul McCartney,"2,767,237,931","3,009,354,038",918,0,5,140922
476,Eric Church,"2,759,312,007","29,797,048",286,0,4,310722
477,Dave,"2,749,490,108","2,028,969,469",62,0,8,80922
478,Eric Clapton,"2,747,310,452","739,286,985",698,0,6,150922
479,KHEA,"2,743,045,197","517,135,427",81,0,9,180922
480,EXO,"2,725,969,831","1,295,854,047",309,0,6,190922
481,Simon & Garfunkel,"2,718,178,664","498,204,068",172,0,5,190922
482,TINI,"2,717,301,467","503,968,381",71,0,8,190922
483,Norah Jones,"2,714,788,741","673,800,705",297,0,4,110822
484,Iggy Azalea,"2,703,950,724","1,884,183,028",108,0,6,80922
485,George Michael,"2,703,100,036","6,192,858,304",185,0,4,190922
486,Jay Wheeler,"2,701,443,856","4,265,483",146,0,3,60922
487,De La Ghetto,"2,695,370,320","302,858,918",158,0,7,310722
488,Nacho,"2,692,139,444","540,870,550",151,0,8,260822
489,bbno$,"2,691,389,490","2,141,323,366",149,0,3,180922
490,The Beach Boys,"2,687,373,992","5,360,562,962","1,528",0,7,80822
491,The Game,"2,686,873,055",0,770,0,6,170822
492,Bibi und Tina,"2,680,606,898",0,"3,509",0,0,300622
493,Ufo361,"2,676,667,284","231,077,825",236,0,0,80922
494,R.E.M.,"2,665,630,567","352,247,735",590,0,5,80922
495,Aminé,"2,661,288,241","301,358,086",72,0,4,60822
496,Normani,"2,658,470,073","1,097,279,258",17,1,4,120922
497,AJR,"2,649,403,045","163,740,766",86,0,5,180822
498,Christina Perri,"2,646,573,107","63,757,921",103,1,3,130822
499,X Ambassadors,"2,621,685,116","247,574,441",119,0,4,250822
500,Breaking Benjamin,"2,619,625,553","43,371,022",102,0,6,310722
501,"Earth, Wind & Fire","2,606,939,541","93,944,725",385,1,5,180822
502,Hillsong UNITED,"2,599,812,772","141,413,805",366,0,2,10822
503,Rod Wave,"2,598,143,018","72,180,826",136,0,3,80922
504,Nick Jonas,"2,588,951,174","56,096,500",95,0,8,200922
505,Rich The Kid,"2,587,583,439","1,860,430,328",166,0,4,290822
506,Jimi Hendrix,"2,585,036,209","1,041,574",506,0,5,190922
507,The Smiths,"2,582,782,853",0,143,0,6,130922
508,Dermot Kennedy,"2,581,422,010",0,78,0,5,310722
509,SEVENTEEN,"2,580,817,471",0,150,0,1,190922
510,Milky Chance,"2,580,709,652","8,400,414",88,1,4,310722
511,Volbeat,"2,579,498,906",0,205,0,5,310722
512,TOTO,"2,575,874,146","3,027,807",391,1,4,80822
513,Dimitri Vegas & Like Mike,"2,572,306,129","102,871,980",267,0,4,310722
514,Sabrina Carpenter,"2,569,519,803","148,923,932",99,0,6,160922
515,Robbie Williams,"2,557,179,105","22,418,993",429,0,6,170922
516,Matoma,"2,555,408,299","300,374,829",126,0,5,310722
517,Years & Years,"2,550,829,792","90,524,082",112,0,7,310722
518,Mitski,"2,547,259,202","23,137,320",73,0,6,190922
519,Jon Bellion,"2,543,285,648","344,351,614",84,0,5,310722
520,The xx,"2,542,777,584","10,468,775",77,0,5,310722
521,Van Morrison,"2,542,234,398","95,529,950",864,0,4,130922
522,Nelly Furtado,"2,534,235,066","287,364,576",211,0,6,150922
523,Luciano,"2,526,245,631","440,387,420",157,0,0,200922
524,B.o.B,"2,525,038,408","1,274,578,007",431,0,7,310722
525,T-Pain,"2,522,886,931","3,095,732,093",215,0,8,310722
526,Lynyrd Skynyrd,"2,519,169,676","599,968",362,0,4,70922
527,Stormzy,"2,500,482,085","997,592,500",69,0,7,210822
528,Sfera Ebbasta,"2,496,062,465","1,276,058,719",89,0,1,270822
529,Rick Ross,"2,491,175,711","4,970,243,020",340,0,4,310722
530,Cali Y El Dandee,"2,490,592,473","214,013,480",74,0,9,310722
531,Kid Ink,"2,489,130,300","2,816,280,604",198,0,8,310722
532,Shinedown,"2,479,535,960","13,718,335",197,0,6,40922
533,Natanael Cano,"2,475,463,509","225,114,570",135,0,6,120922
534,Van Halen,"2,466,995,848","24,281",207,0,6,190922
535,Limp Bizkit,"2,466,419,030","3,218,081",134,0,6,10822
536,The Fray,"2,463,436,621","4,486,342",98,0,5,310722
537,Samra,"2,461,380,410","403,500,820",120,0,3,190922
538,The Cranberries,"2,460,868,337","2,725,658",264,0,4,270822
539,Black Sabbath,"2,459,611,513","13,968,959",286,0,4,70922
540,All Time Low,"2,459,397,211","1,585,127",212,0,2,310722
541,DNCE,"2,458,758,461","54,841,242",36,1,4,310722
542,El Fantasma,"2,457,887,099","65,281,602",210,0,6,210822
543,Damso,"2,448,621,601","761,548,765",95,0,1,150922
544,Andy Grammer,"2,431,629,519","4,962,513",79,0,5,310722
545,Rage Against The Machine,"2,430,839,934",0,119,0,7,140822
546,Luan Santana,"2,430,000,476","247,964,502",214,0,4,190922
547,Aitana,"2,428,820,555","19,883,705",74,0,7,190922
548,Juan Magán,"2,428,032,283","871,230,826",208,0,5,310722
549,KYLE,"2,420,485,330","166,464,714",112,0,5,310722
550,Keith Urban,"2,416,463,388","380,461,137",205,0,6,210822
551,Joel Corry,"2,415,759,211","63,258,648",153,0,5,310722
552,Daryl Hall & John Oates,"2,405,798,697","33,973",555,0,6,310722
553,Sabaton,"2,399,679,054",0,313,0,2,150922
554,MGMT,"2,396,610,713","1,038,472,738",86,0,5,310722
555,Kodaline,"2,386,258,538","283,421,137",125,0,4,50922
556,Aya Nakamura,"2,386,108,307","151,618,177",68,0,5,190922
557,Plan B,"2,383,828,013","578,240,022",95,0,7,310722
558,Rag'n'Bone Man,"2,382,013,837","79,032,903",138,0,3,310722
559,Shaggy,"2,381,998,464","477,705,428",433,0,5,310722
560,Of Monsters and Men,"2,380,280,721","3,318,019",63,0,5,130922
561,Rod Stewart,"2,379,541,913","502,097,842",731,0,4,90822
562,The White Stripes,"2,377,686,382",0,172,1,3,110822
563,Hollywood Undead,"2,373,538,882","21,078,180",143,0,3,10822
564,Mac DeMarco,"2,366,844,862","75,712,651",150,0,4,180922
565,Gerardo Ortiz,"2,362,366,616","564,161,466",257,0,3,310722
566,A Day To Remember,"2,357,711,163",0,135,0,4,310722
567,Quinn XCII,"2,350,578,227","155,201,156",85,0,5,310722
568,Ice Cube,"2,344,900,860","287,402,247",292,0,5,310722
569,Clairo,"2,340,931,623","751,281,514",25,0,7,310722
570,Swedish House Mafia,"2,340,727,040","12,820,948",58,0,6,310722
571,League of Legends,"2,340,011,159","1,934,825,362",495,0,6,180922
572,Eladio Carrion,"2,339,040,331","404,020,084",147,0,4,130922
573,Lofi Fruits Music,"2,329,999,921","106,066,268","1,01",0,0,310722
574,Prince,"2,327,965,052","3,281,243",835,0,5,240822
575,Os Barões Da Pisadinha,"2,325,967,532","571,967,470",160,0,6,310722
576,Brytiago,"2,325,768,055","2,046,857,334",85,0,5,80922
577,Casper Magico,"2,324,673,947","194,400,208",95,0,5,310722
578,José José,"2,323,517,374","149,057,243",525,0,2,310722
579,Evanescence,"2,320,082,358",0,110,0,4,120922
580,Sublime,"2,317,831,260",0,219,0,5,310722
581,Die drei !!!,"2,317,017,983",0,"3,275",0,0,310722
582,Tom Odell,"2,313,290,532","43,963,745",131,1,3,100922
583,GIMS,"2,311,019,564","294,623,436",179,0,4,310722
584,Chencho Corleone,"2,307,620,270","1,850,768,207",21,0,6,110922
585,Cigarettes After Sex,"2,297,049,191",0,30,0,6,300822
586,Bryant Myers,"2,296,987,693","2,211,793,211",102,0,5,310722
587,Axwell /\ Ingrosso,"2,295,622,491",0,47,1,5,310722
588,Red Velvet,"2,293,993,571","14,995,635",131,0,5,190922
589,George Strait,"2,293,305,564","36,161,867",444,0,2,310722
590,Carlos Rivera,"2,291,158,958","507,636,763",210,0,5,310722
591,Carrie Underwood,"2,287,677,862","390,796,945",170,0,3,180922
592,Enya,"2,281,284,138","342,937,830",145,0,4,100822
593,Pedro Capó,"2,277,124,460","181,475,492",71,1,5,310722
594,girl in red,"2,264,464,619","6,043,639",29,0,6,150922
595,Aretha Franklin,"2,259,373,196","8,960,966",900,0,4,310722
596,Ozzy Osbourne,"2,258,551,820","66,842,960",231,0,3,190922
597,Scorpions,"2,257,465,297",0,345,0,5,50922
598,Nas,"2,255,035,088","890,352,457",339,0,4,40922
599,ODESZA,"2,251,141,203","128,174,755",170,0,4,310722
600,Joyner Lucas,"2,250,754,960","146,002,559",87,0,6,110922
601,Ali Gatie,"2,236,769,112","2,270,763",54,0,4,190822
602,Mustard,"2,234,505,311","1,986,562,902",74,0,4,310722
603,PnB Rock,"2,228,993,718","1,859,997,166",116,0,5,120922
604,Zoé,"2,227,159,139","12,125,790",193,0,6,310722
605,Goodboys,"2,225,051,739","5,153,122",44,0,4,310722
606,KISS,"2,222,550,482",0,510,0,4,170822
607,WALK THE MOON,"2,213,255,179","103,849,073",98,1,3,310722
608,Danna Paola,"2,212,142,768","72,725,046",103,0,6,190922
609,Don Diablo,"2,200,628,570","105,584,811",248,0,1,310722
610,Jorja Smith,"2,195,160,357","465,601,602",81,0,4,310722
611,Los Tigres Del Norte,"2,195,087,945","182,374,635",639,0,1,310722
612,Gryffin,"2,193,509,712","482,869,625",146,0,6,310722
613,RAYE,"2,192,939,509","575,319,981",95,0,4,310722
614,Junior H,"2,190,309,741","300,889,299",104,0,5,120922
615,The Smashing Pumpkins,"2,172,954,938",0,418,0,6,190922
616,Sum 41,"2,172,099,956","7,414,337",128,0,5,310722
617,Alan Jackson,"2,168,305,190","90,085,724",269,0,2,110822
618,Marco Antonio Solís,"2,167,056,600","686,549,494",201,0,5,310722
619,WILLOW,"2,162,026,224","405,412,770",76,0,3,160922
620,Ella Mai,"2,161,392,693","334,957,558",52,0,6,110922
621,Marilyn Manson,"2,156,699,936","56,980,790",227,0,4,310722
622,Joey Bada$$,"2,149,110,284","767,949,252",119,0,4,110922
623,Lord Huron,"2,147,142,104",0,76,1,3,310722
624,Sleeping At Last,"2,146,420,809","727,285",298,0,5,10822
625,Astrid S,"2,145,022,194","131,055,141",107,0,5,40922
626,TKKG,"2,141,387,313",0,"4,398",0,0,310722
627,Sido,"2,141,006,547","522,502,437",368,0,2,310722
628,TOMORROW X TOGETHER,"2,136,382,863",0,69,0,6,100922
629,Colbie Caillat,"2,133,775,510","126,624,751",105,0,4,150922
630,Banda El Recodo,"2,127,016,589","2,232,807",601,0,3,10822
631,Rascal Flatts,"2,124,400,562","53,441,983",248,0,5,310722
632,Dolly Parton,"2,122,503,850","173,626,251",978,0,4,90822
633,3 Doors Down,"2,122,358,023","631,51",144,0,3,310722
634,Wale,"2,117,359,552","1,520,275,780",353,0,4,70922
635,Moneybagg Yo,"2,117,349,736","1,313,168,750",266,0,1,310722
636,Electric Light Orchestra,"2,112,872,480","696,381",305,0,4,310722
637,Two Door Cinema Club,"2,112,307,879","1,980,119",142,0,4,120822
638,Hardwell,"2,109,914,592","360,947,672",462,0,1,310722
639,Brent Faiyaz,"2,107,146,096","905,946,624",63,0,7,310722
640,Chase Atlantic,"2,105,375,619","11,762,990",75,0,4,310722
641,Kontra K,"2,103,318,066","219,924,638",301,0,1,310722
642,iann dior,"2,102,922,842","2,291,368,890",55,0,5,310722
643,Powfu,"2,092,377,791","186,520,817",73,1,1,310722
644,Bethel Music,"2,092,086,801",0,312,0,0,310722
645,JID,"2,089,652,973","797,904,614",70,0,4,70922
646,Louis Tomlinson,"2,086,972,274",0,43,0,4,160922
647,The Clash,"2,085,949,767",0,223,0,3,80922
648,Noriel,"2,083,887,397","1,469,283,474",94,0,4,310722
649,gnash,"2,083,638,974","303,083,754",84,1,2,310722
650,MC Kevinho,"2,082,054,602","296,844,156",74,0,5,310722
651,David Bisbal,"2,078,820,031","432,972,620",248,0,4,30822
652,Pharrell Williams,"2,077,074,226","6,537,561,403",110,1,3,310722
653,Gera MX,"2,071,389,389","527,168,213",184,0,1,280822
654,Kacey Musgraves,"2,070,185,118","150,866,265",126,0,5,190922
655,Luísa Sonza,"2,068,349,876","9,401,615",66,0,5,190922
656,Leon Bridges,"2,064,776,224","809,960,704",78,0,5,310722
657,Chief Keef,"2,064,287,110","625,082,456",575,0,5,180922
658,Martin Jensen,"2,063,060,185","304,861,454",79,0,4,310722
659,Stromae,"2,062,404,120","60,545,155",57,0,4,120822
660,Annie Lennox,"2,062,340,171","9,754,428",306,0,3,20922
661,Ruth B.,"2,057,984,888",0,48,0,5,310722
662,NEFFEX,"2,056,583,318","824,121",213,0,3,310722
663,Duran Duran,"2,052,957,469",0,483,0,5,90822
664,Jaden,"2,050,432,169","1,460,830,445",110,0,2,310722
665,Bing Crosby,"2,043,924,592","8,462,632","1,345",0,7,310722
666,Seeb,"2,043,477,578","1,673,715,968",112,0,5,310722
667,Ms. Lauryn Hill,"2,040,646,969","353,528,858",89,0,5,110822
668,Arizona Zervas,"2,039,690,926","35,697,483",37,1,2,310722
669,Santa Fe Klan,"2,039,138,179","541,493,142",217,0,5,180822
670,Miracle Tones,"2,031,004,961",0,126,0,0,310722
671,Regard,"2,029,133,220",0,42,1,4,310722
672,Westlife,"2,026,058,221","39,635",231,0,3,90922
673,The Kooks,"2,024,254,904",0,249,0,5,110922
674,Mike WiLL Made-It,"2,021,477,415","345,422,787",144,0,6,150822
675,Elevation Worship,"2,019,584,095","22,054,975",255,0,2,310722
676,Internet Money,"2,018,584,676","372,681,646",43,1,5,310722
677,M83,"2,015,140,978","16,290,793",237,0,3,310722
678,Portugal. The Man,"2,003,183,409","50,754,902",195,1,1,310722
679,R. Kelly,"2,002,013,664","409,379,157",363,0,2,310722
680,Saweetie,"2,000,089,741","595,752,335",73,0,4,10922
681,Dilsinho,"1,996,437,258","411,783,927",195,0,5,120922
682,Charlie Brown Jr.,"1,995,556,424","39,048,849",278,0,4,170822
683,Ha*Ash,"1,989,802,115","490,646,007",131,0,4,10922
684,Gwen Stefani,"1,988,899,782","1,073,941,569",99,0,4,170922
685,Mötley Crüe,"1,986,516,487",0,238,0,5,190922
686,Jessie Reyez,"1,982,350,944","512,534,113",73,0,4,160922
687,Owl City,"1,980,070,565","93,709,322",111,0,2,310722
688,Apache 207,"1,977,481,576","126,206,018",46,0,5,310722
689,Nekfeu,"1,977,245,131","518,867,756",98,0,0,200822
690,Queens of the Stone Age,"1,973,861,331",0,140,0,5,310722
691,Cosculluela,"1,973,500,286","1,068,089,499",159,0,5,310722
692,Keane,"1,971,059,662","607,099",197,0,2,310722
693,Tee Grizzley,"1,970,417,387","196,499,343",145,0,3,310722
694,Ezhel,"1,969,446,772","194,725,091",64,0,3,80922
695,Gigi D'Agostino,"1,961,013,546","1,153,536",423,1,3,310722
696,DMX,"1,959,946,681","264,430,121",304,0,4,310722
697,Bruno & Marrone,"1,959,875,993","230,637,427",428,0,2,310722
698,Yung Gravy,"1,959,097,379","10,002,713",78,0,6,180922
699,Desiigner,"1,955,514,520","548,795,846",55,1,2,310722
700,Timmy Trumpet,"1,954,597,157","104,577,459",183,0,3,310722
701,Thirty Seconds To Mars,"1,954,498,523","47,931,016",84,0,4,40922
702,Denzel Curry,"1,952,649,461","528,744,853",137,0,4,60922
703,Jay Chou,"1,951,129,090","28,029,086",327,0,0,310722
704,Chelsea Cutler,"1,950,899,986","452,181,568",95,0,4,310722
705,Alex Rose,"1,949,166,634","537,789,626",82,0,4,310722
706,Olly Murs,"1,946,478,736","47,818,752",179,0,4,160922
707,Vampire Weekend,"1,945,573,015",0,74,0,2,310722
708,Miranda Lambert,"1,938,843,377","212,318,887",208,0,5,170922
709,Santana,"1,933,599,979","276,396,587",714,0,4,310722
710,The Goo Goo Dolls,"1,933,399,868","315,062",279,1,3,70922
711,Aloe Blacc,"1,930,856,165","251,730,315",217,0,4,310722
712,Wham!,"1,930,785,286","861,833",36,0,2,230822
713,Willy William,"1,930,491,419","355,230,752",82,1,3,310722
714,MAX,"1,929,553,352","143,407,145",144,0,5,100922
715,Dierks Bentley,"1,923,717,525","173,377,106",153,0,6,10822
716,The Who,"1,923,165,495",0,881,0,6,110922
717,Granular,"1,919,564,121",0,574,0,2,310722
718,Stefflon Don,"1,914,806,534","345,633,899",86,0,6,180822
719,La Oreja de Van Gogh,"1,912,311,819","66,113,877",183,0,3,310722
720,OMI,"1,908,116,986","131,136,335",45,1,2,310722
721,Alice In Chains,"1,902,125,921","171,453",162,0,5,30922
722,Giveon,"1,901,077,447","589,310,224",32,0,4,120922
723,John Lennon,"1,900,843,192","5,769,602",498,0,3,160822
724,Los Temerarios,"1,899,241,961","183,284",322,0,0,60822
725,Loud Luxury,"1,898,927,877","89,734,246",135,0,4,310722
726,Ghostemane,"1,897,237,706","68,873,586",140,0,3,190822
727,Snow Patrol,"1,897,170,969",0,191,0,3,90822
728,beabadoobee,"1,893,281,518","12,412,498",76,1,2,60922
729,Lee Brice,"1,893,216,404","14,898,633",97,0,6,310722
730,Trevor Daniel,"1,893,164,011","207,826,260",50,1,2,310722
731,James TW,"1,892,634,482","8,164,452",44,0,5,310722
732,Louis Armstrong,"1,888,813,523","16,402,469","2,311",0,4,310722
733,Beret,"1,887,419,481","54,947,411",50,0,3,310722
734,Shania Twain,"1,885,781,696","182,041,753",187,0,4,170922
735,Calle 13,"1,883,809,656","131,655,648",81,0,5,310722
736,Booba,"1,880,281,066","678,185,823",247,0,0,310722
737,Niska,"1,879,295,266","617,175,106",105,0,1,310722
738,Ciara,"1,875,900,807","505,417,778",158,0,5,160822
739,Incubus,"1,872,492,242","2,113,242",229,0,3,310722
740,MØ,"1,867,886,470","3,388,886,631",124,0,4,310722
741,Mon Laferte,"1,867,546,187","328,196,750",143,0,4,310822
742,Conor Maynard,"1,867,293,612","371,487,728",137,0,3,310722
743,Ella Fitzgerald,"1,865,209,139","12,514,602","2,12",0,2,90822
744,Sting,"1,864,917,481","294,461,183",495,0,3,150822
745,Vintage Culture,"1,863,460,359","35,304,995",205,0,2,310722
746,Kevin Roldan,"1,860,423,142","479,771,429",147,0,2,310722
747,Blueface,"1,856,041,642","617,180,661",98,0,4,180922
748,Nat King Cole,"1,853,717,658","8,675,904","1,129",0,3,310722
749,Yo Gotti,"1,852,943,310","1,311,194,792",494,0,2,310722
750,Lady A,"1,850,637,526","138,695,513",229,0,5,310722
751,Two Feet,"1,850,083,119","43,492,840",67,0,3,310722
752,Thalia,"1,849,494,711","356,801,594",320,0,2,190922
753,Taio Cruz,"1,849,088,545","27,054,116",94,0,4,190822
754,Old Dominion,"1,846,826,397","5,326,630",85,0,7,90822
755,Dean Martin,"1,839,950,779","11,973,306",696,0,5,310722
756,Oliver Tree,"1,839,830,515","47,958,499",63,0,4,310822
757,John Newman,"1,839,265,446","386,221,358",95,0,4,310722
758,CRO,"1,837,987,132","186,326,829",163,0,2,190822
759,PNAU,"1,837,143,273","4,795,294",113,1,3,180922
760,ANAVITÓRIA,"1,836,487,394","247,466,567",79,0,3,180922
761,Sara Bareilles,"1,829,209,796","82,546,640",194,0,5,150922
762,Michael Silverman,"1,827,043,186","213,673",972,0,0,310722
763,Burna Boy,"1,821,371,663","1,671,152,465",174,0,4,190922
764,Surfaces,"1,819,802,511",0,70,0,1,310722
765,Chayanne,"1,817,989,260","144,005,891",236,0,5,310722
766,a-ha,"1,815,725,128","16,092",401,1,1,310722
767,The Jackson 5,"1,814,148,449","2,468,100",347,0,5,240822
768,Fergie,"1,813,098,972","206,140,442",82,0,5,310722
769,The Pussycat Dolls,"1,813,039,711","26,129,902",56,0,5,20922
770,Roxette,"1,810,253,500","306,912",465,0,4,140822
771,Leona Lewis,"1,806,698,865","58,137,114",116,0,5,180922
772,Matuê,"1,805,676,631","243,428,148",33,0,6,310822
773,Natalia Lafourcade,"1,805,496,403","936,009,979",183,0,4,20922
774,Mora,"1,805,158,864","348,503,971",76,0,2,160822
775,Dynoro,"1,804,491,187","378,295",18,1,4,310722
776,Los Tucanes De Tijuana,"1,804,035,346","5,231,518",737,0,1,10822
777,AJ Tracey,"1,802,672,139","215,084,250",98,0,6,210822
778,LUDMILLA,"1,799,762,330","466,090,779",178,0,2,190922
779,Sean Kingston,"1,798,965,211","150,341,106",142,0,5,310722
780,Guaynaa,"1,797,383,497","132,443,509",64,0,5,310722
781,Steve Lacy,"1,794,556,932","632,508,531",46,0,4,200922
782,Jon Pardi,"1,793,562,040","161,230,228",78,0,5,50922
783,fun.,"1,792,718,438","203,986",26,0,3,310722
784,Ben Howard,"1,790,617,769","1,125,328",60,0,4,200922
785,Tears For Fears,"1,785,149,316","2,601,887",219,0,4,200922
786,Mike Perry,"1,784,903,805","26,675,234",54,0,3,310722
787,Lalo Ebratt,"1,773,683,414","84,141,405",60,0,7,310722
788,Oliver Heldens,"1,773,243,390","253,517,935",145,0,3,310722
789,Martin Solveig,"1,772,167,780","8,507,378",246,0,5,310722
790,Nicki Nicole,"1,771,051,853","466,761,461",49,0,3,160922
791,Darell,"1,768,464,822","4,780,307,242",133,0,4,310722
792,CHVRCHES,"1,766,235,284","5,546,013",118,0,2,140922
793,Julieta Venegas,"1,760,785,705","701,911,855",152,0,6,180922
794,Kylie Minogue,"1,760,059,922","122,606,148",906,0,2,50922
795,Gente De Zona,"1,756,631,831","1,403,404,663",126,0,3,310722
796,Deftones,"1,750,174,564","189,667",139,0,2,190822
797,Melendi,"1,749,960,220","190,148,048",184,0,2,310722
798,Seether,"1,748,931,621",0,156,0,3,310722
799,Baby Keem,"1,748,313,318","64,281,837",51,0,3,40922
800,DJ Luian,"1,747,734,090","2,738,823,311",52,0,4,310722
801,MKTO,"1,746,963,141","14,429,939",29,0,2,310722
802,Mambo Kingz,"1,745,059,565","2,499,618,695",37,0,5,310722
803,Lionel Richie,"1,743,379,490","53,528,648",297,0,6,250822
804,IU,"1,743,026,779","105,019,595",165,0,4,180922
805,Lil Dicky,"1,741,821,934","127,683,917",23,0,5,310722
806,Intocable,"1,741,554,669","20,985,489",317,0,2,140822
807,Sin Bandera,"1,738,742,132","124,804,809",124,0,6,310722
808,Daya,"1,735,378,090","2,131,830,037",45,0,4,310722
809,Chris Young,"1,733,928,126","108,950,594",112,0,4,310722
810,Tech N9ne,"1,733,262,095","664,567,305",451,0,2,310722
811,Arcade Fire,"1,731,328,594",0,113,0,3,310722
812,Rich Brian,"1,727,170,764","624,625,192",57,0,4,190922
813,Mother Mother,"1,726,527,097","83,041",142,0,5,310722
814,Yusuf / Cat Stevens,"1,726,512,987","19,118,011",332,0,5,160922
815,Kina,"1,723,333,633","4,106,807",39,0,3,310722
816,MAGIC!,"1,721,727,530","146,286,450",53,1,2,310722
817,Greeicy,"1,720,259,336","50,335,675",60,0,5,310822
818,Simple Plan,"1,719,642,286","2,131,621",128,0,4,50922
819,Sofía Reyes,"1,719,104,610","226,357,631",61,0,3,100922
820,Dido,"1,718,183,561","5,698,325",195,0,4,310722
821,Paul Simon,"1,715,931,271","75,838,481",370,0,3,310722
822,Dennis Lloyd,"1,715,531,867",0,48,0,3,310722
823,Alfredo Olivas,"1,713,355,709","67,166,813",103,0,3,310722
824,Wolfgang Amadeus Mozart,"1,712,607,320","5,275,689","11,475",0,0,310722
825,Tiago PZK,"1,709,750,883","332,932,512",58,0,4,260822
826,Pineapple StormTv,"1,707,906,194","154,195,292",215,0,3,310722
827,DENNIS,"1,705,396,553","126,587,183",298,0,4,310722
828,YUNGBLUD,"1,703,601,205","463,620,252",92,0,2,40922
829,Summer Cem,"1,702,570,591","341,863,678",200,0,2,310722
830,Sade,"1,701,116,678","1,452,396",113,0,4,50922
831,Eslabon Armado,"1,699,114,472","13,724,576",90,0,2,310722
832,Juan Luis Guerra 4.40,"1,695,901,682","810,878,616",208,0,2,160922
833,La Adictiva Banda San José de Mesillas,"1,695,830,013","44,189,841",128,0,4,310722
834,KSI,"1,695,358,834","27,838,370",116,0,4,10922
835,Bullet For My Valentine,"1,694,804,867","31,403",177,0,2,230822
836,Selena,"1,693,151,147","2,894,906",149,0,6,10922
837,Jack Ü,"1,685,398,303","956,75",37,0,4,310722
838,Nina Simone,"1,682,102,220","25,050,969",551,0,3,50822
839,Kollegah,"1,676,987,056","109,522,515",569,0,0,70822
840,Bea Miller,"1,675,218,584","1,164,003,726",42,0,4,180822
841,Nipsey Hussle,"1,669,099,192","270,570,506",277,0,3,310722
842,Cyndi Lauper,"1,668,152,364","7,113,334",219,0,3,150922
843,Juicy J,"1,666,667,173","3,759,718,067",450,0,2,310722
844,Max Richter,"1,666,056,201","43,626",992,0,0,310722
845,Los Bukis,"1,665,301,634","7,360,162",252,0,1,310722
846,Otis Redding,"1,664,195,345","150,323,645",337,0,3,310722
847,Dominic Fike,"1,660,702,806","138,302,706",30,0,3,310722
848,Kungs,"1,657,734,274","29,885,479",65,0,3,310722
849,*NSYNC,"1,656,401,553","25,912,106",89,0,5,180922
850,Jasmine Thompson,"1,651,309,359","959,672,838",116,0,3,310722
851,Willie Nelson,"1,649,521,446","312,985,189","1,571",0,4,310722
852,Tina Turner,"1,649,451,408","24,463,747",253,0,6,240822
853,Yellow Claw,"1,646,156,795","88,256,933",263,0,2,310722
854,Lily Allen,"1,643,394,520","348,477,457",115,0,4,140822
855,will.i.am,"1,641,904,383","2,159,351,268",103,0,5,200822
856,Sasha Alex Sloan,"1,637,138,656","356,062,491",55,0,3,130922
857,Silk Sonic,"1,635,262,002",0,11,0,3,280822
858,NCT 127,"1,633,145,081","47,037,951",138,0,2,190922
859,deadmau5,"1,633,102,099","85,895,158",456,0,1,310722
860,Benjamin Blümchen,"1,632,183,811",0,"6,109",0,0,310722
861,Beastie Boys,"1,631,483,593","686,794",307,0,4,310722
862,Ferrugem,"1,630,991,997","316,721,915",171,0,1,310722
863,Trueno,"1,625,212,488","89,783,830",55,0,5,310822
864,Tom Walker,"1,621,938,619","104,229,160",95,0,4,280822
865,Angus & Julia Stone,"1,621,262,836","62,072,067",128,0,3,310722
866,AURORA,"1,620,462,028","392,531,879",105,0,3,170922
867,Wallows,"1,617,420,796",0,50,0,5,310722
868,Bill Withers,"1,616,684,397","423,140,273",120,0,4,310722
869,Camila,"1,614,888,793","118,840,374",100,0,4,310722
870,The National,"1,612,789,597","101,050,937",209,0,1,100922
871,ZZ Top,"1,609,888,997","84,795",279,0,4,160922
872,KALEO,"1,609,214,165",0,29,0,3,310722
873,Tracy Chapman,"1,603,955,839","86,329,695",102,0,4,180822
874,Mary J. Blige,"1,603,823,302","2,072,649,813",395,0,2,310722
875,Jowell & Randy,"1,598,782,161","882,987,056",173,0,3,310722
876,Brad Paisley,"1,594,358,812","80,512,829",233,0,2,310722
877,The Score,"1,590,492,855","2,029,439",66,0,5,310722
878,Los Enanitos Verdes,"1,589,791,667","8,973,461",190,0,4,140922
879,Gavin James,"1,589,066,720","67,835,427",119,0,3,310722
880,Lenny Kravitz,"1,586,945,030","58,520,527",269,0,4,50822
881,Tungevaag,"1,584,806,652","5,391,617",82,0,5,310722
882,Frédéric Chopin,"1,580,987,576","1,163,362","9,79",0,0,60821
883,Ramin Djawadi,"1,576,132,499","494,471","1,024",0,1,90822
884,Tyler Childers,"1,575,879,683","31,875,984",62,0,5,260822
885,Brett Young,"1,574,718,551","18,238,191",70,0,4,310722
886,BØRNS,"1,573,109,788","17,790,746",44,0,3,310722
887,Dadju,"1,570,782,544","449,080,594",112,0,1,310722
888,Audioslave,"1,568,164,155",0,72,0,5,310722
889,Olivia O'Brien,"1,567,268,080","1,463,363,938",55,0,3,50822
890,Sleepy Hallow,"1,566,837,791","291,033,854",64,0,2,310722
891,Banda Los Recoditos,"1,564,662,688","19,005,086",252,0,2,10822
892,Kiiara,"1,561,088,103","289,081,952",73,0,3,40922
893,Mr. Probz,"1,559,887,114","237,955,809",36,0,4,190922
894,Sufjan Stevens,"1,559,839,764","48,019,760",439,0,3,90922
895,Alvaro Soler,"1,558,833,906","46,416,870",101,0,4,310722
896,Pink Sweat$,"1,558,351,053","58,475,674",57,0,3,310722
897,King Von,"1,557,609,173","158,906,906",78,0,3,310722
898,Diego & Victor Hugo,"1,557,334,571","23,088,565",139,0,6,180922
899,Joaquín Sabina,"1,554,442,660","130,526,953",348,0,0,310722
900,Ella Henderson,"1,553,412,941","369,125,542",115,0,3,160922
901,Blur,"1,551,692,610","20,342",356,0,2,80822
902,Ofenbach,"1,550,940,003","104,912,624",83,0,4,310722
903,Lykke Li,"1,549,963,169","100,408,098",105,0,4,310722
904,Cher,"1,549,863,381","14,500,960",399,0,3,190922
905,Lil Kleine,"1,549,145,488","347,865,948",120,0,0,160922
906,(G)I-DLE,"1,549,107,296","4,846,360",68,0,5,190922
907,Skepta,"1,545,159,107","1,544,272,815",146,0,2,120922
908,Falling In Reverse,"1,544,740,243",0,65,0,2,310722
909,Aleman,"1,543,845,576","407,519,473",151,0,2,310722
910,Will Smith,"1,542,201,832","22,969,261",90,0,6,310722
911,Kris Kross Amsterdam,"1,540,779,399","11,311,576",45,0,2,310722
912,Salmo,"1,539,540,910","645,180,334",162,0,3,160822
913,Toby Keith,"1,539,260,688","22,035,715",302,0,4,120822
914,Timbaland,"1,538,740,572","2,172,817,649",156,0,5,90822
915,Beach House,"1,537,837,100","2,101,262",107,0,2,60922
916,Snakehips,"1,537,501,501","114,181,875",80,0,3,310722
917,YOASOBI,"1,533,599,947",0,28,0,5,310722
918,ITZY,"1,531,845,087",0,70,0,6,200922
919,Pusha T,"1,530,816,646","1,669,008,782",123,0,2,50822
920,Spice Girls,"1,530,766,752","705,376",106,0,4,50922
921,Río Roma,"1,527,525,300","130,932,569",105,0,4,310722
922,Bo Burnham,"1,527,212,746","273,881",103,0,2,20922
923,Oh Wonder,"1,522,982,587","700,789,793",71,0,5,90822
924,UB40,"1,520,229,534","2,093,977",436,0,3,310722
925,Moby,"1,519,804,913","294,525,726",836,0,3,310722
926,Andrea Bocelli,"1,518,057,850","63,860,756",592,0,3,80922
927,Cash Cash,"1,516,224,156","122,082,586",163,0,4,310722
928,Zendaya,"1,514,581,338","742,506,843",42,0,3,310722
929,Topic,"1,514,111,730","995,946,509",70,0,1,310722
930,John Denver,"1,512,762,331","8,472,293",594,0,3,310722
931,BONES,"1,511,219,763","192,510,411",653,0,1,310722
932,Natiruts,"1,510,821,450","21,690,077",216,0,1,310722
933,TLC,"1,510,571,033","235,596,205",173,0,3,90922
934,Gustavo Cerati,"1,509,810,094","204,209,748",163,0,3,310722
935,LIT killah,"1,509,081,134","190,156,783",45,0,2,280822
936,Alina Baraz,"1,506,524,901","29,078,869",76,0,3,90822
937,Lauren Daigle,"1,506,508,915","145,987,139",67,0,3,310722
938,Official HIGE DANdism,"1,506,088,256",0,144,0,4,310722
939,Pixies,"1,505,325,659",0,856,0,3,40922
940,Dread Mar I,"1,503,218,350","37,569,370",160,0,2,310722
941,Mc Don Juan,"1,500,472,460","567,652,551",155,0,3,310722
942,Thiaguinho,"1,498,417,630","225,812,024",249,0,0,310722
943,Evaluna Montaner,"1,495,747,834","133,138,325",46,0,4,310722
944,Capo Plaza,"1,494,955,350","798,426,969",78,0,1,40922
945,MF DOOM,"1,494,366,089","102,412,043",424,0,2,310722
946,Petit Biscuit,"1,494,185,761","22,498,758",86,0,1,310722
947,Gloria Trevi,"1,493,626,591","179,247,041",278,0,2,190922
948,Gym Class Heroes,"1,493,450,694",0,75,0,3,310722
949,Maggie Lindemann,"1,492,524,310","3,518,587",40,0,2,190922
950,Jeezy,"1,485,078,408","1,437,063,010",552,0,2,310722
951,Talking Heads,"1,484,242,370",0,215,0,3,40922
952,Bruno Martini,"1,482,924,670","27,749,916",105,0,4,260822
953,Supertramp,"1,480,511,283","35,955",119,0,4,230822
954,Hungria Hip Hop,"1,480,092,466","71,737,408",68,0,1,310722
955,Wu-Tang Clan,"1,479,460,962","15,206,987",351,0,2,310722
956,Vince Staples,"1,478,107,395","583,523,563",97,0,2,90822
957,Brantley Gilbert,"1,477,281,228","127,058,982",117,0,2,310722
958,Tori Kelly,"1,473,981,175","564,051,955",98,0,3,40922
959,Counting Crows,"1,473,624,597","4,503,425",192,0,3,150822
960,Marracash,"1,472,923,263","534,687,416",196,0,0,200822
961,Foreigner,"1,468,972,124","354,623",284,0,4,40922
962,Andrés Calamaro,"1,463,467,941","169,406,253",521,0,2,50922
963,Tom Petty and the Heartbreakers,"1,463,007,847","3,703,828",248,0,3,30922
964,Hombres G,"1,461,546,570","65,545,893",275,0,3,310722
965,Lupe Fiasco,"1,458,913,538","284,182,379",182,0,3,200922
966,$NOT,"1,456,594,009","110,324,095",58,0,3,310722
967,Upchurch,"1,451,882,160","160,013,519",245,0,0,310722
968,Canserbero,"1,451,762,300","20,576,666",88,0,3,60822
969,ZHU,"1,450,364,098","53,933,968",120,0,2,310722
970,Cristian Castro,"1,449,606,688","171,308,397",236,0,3,310722
971,Megadeth,"1,449,001,793","785,779",419,0,2,140922
972,D-Block Europe,"1,448,961,530","94,674,597",150,0,0,220822
973,Bryce Vine,"1,444,948,521","4,590,271",81,0,4,310722
974,Gustavo Mioto,"1,444,828,975","72,447,438",119,0,4,310722
975,Showtek,"1,441,997,312","69,934,802",267,0,2,310722
976,Pabllo Vittar,"1,440,938,225","307,806,312",125,0,2,240822
977,Kelly Rowland,"1,439,718,750","614,405,577",126,0,3,160822
978,The All-American Rejects,"1,439,069,693",0,86,0,4,310722
979,Jack & Jack,"1,438,739,447","45,772,171",43,0,2,310722
980,Ben&Ben,"1,437,489,824","17,825,818",57,0,4,310822
981,The Head And The Heart,"1,436,917,213",0,95,0,4,310722
982,ONE OK ROCK,"1,436,289,806","2,588,340",129,0,1,100922
983,Melim,"1,435,884,104","89,883,469",85,0,3,260822
984,Jacquees,"1,433,486,084","297,096,889",120,0,2,130922
985,RÜFÜS DU SOL,"1,431,266,723","11,103,276",148,0,2,310722
986,SCH,"1,430,189,357","650,133,345",114,0,0,310722
987,Young the Giant,"1,429,779,508",0,78,0,3,260822
988,Gemitaiz,"1,429,778,231","704,443,260",174,0,1,310722
989,Central Cee,"1,428,646,963","8,720,636",49,0,5,200922
990,Empire of the Sun,"1,428,482,992","230,676,529",108,0,3,310722
991,Alanis Morissette,"1,426,836,551","494,969",300,0,3,160922
992,Icona Pop,"1,426,680,056","222,797,489",121,0,3,310722
993,Dustin Lynch,"1,426,154,511","11,048,052",83,0,4,70822
994,The Temptations,"1,425,942,696","64,781,659",732,0,3,50822
995,Simone & Simaria,"1,425,339,491","238,959,423",122,0,4,310822
996,Gotye,"1,424,591,618","10,576,378",46,1,1,310722
997,NIKI,"1,422,920,850","231,405,433",55,0,4,140922
998,Duke Dumont,"1,422,096,182","24,622,115",121,0,2,310722
999,Laura Pausini,"1,421,622,604","293,291,443",434,0,0,130922
1000,Beck,"1,420,597,420","83,871,063",300,0,1,170822
